provider,accuracy,macro_precision,macro_recall,macro_f1_score,total_samples,total_annotated,samples_excluded,annotation_quality,insufficient_precision,insufficient_recall,insufficient_f1_score,insufficient_support,refuted_precision,refuted_recall,refuted_f1_score,refuted_support,supported_precision,supported_recall,supported_f1_score,supported_support
gpt4,0.79,0.4826558265582656,0.48856209150326796,0.4845863827899756,100,100,0,1.0,0.2,0.25,0.2222222222222222,12.0,0.3333333333333333,0.3333333333333333,0.3333333333333333,3.0,0.9146341463414634,0.8823529411764706,0.8982035928143712,85.0
gemini,0.83,0.5821839080459771,0.611437908496732,0.5411847614309995,100,100,0,1.0,0.6,0.25,0.35294117647058826,12.0,0.25,0.6666666666666666,0.36363636363636365,3.0,0.896551724137931,0.9176470588235294,0.9069767441860465,85.0
deepseek,0.76,0.5799860893757608,0.596078431372549,0.5564102564102563,100,100,0,1.0,0.2962962962962963,0.6666666666666666,0.41025641025641024,12.0,0.5,0.3333333333333333,0.4,3.0,0.9436619718309859,0.788235294117647,0.8589743589743589,85.0
