provider,accuracy,macro_precision,macro_recall,macro_f1_score,total_samples,total_annotated,samples_excluded,annotation_quality,refuted_precision,refuted_recall,refuted_f1_score,refuted_support,supported_precision,supported_recall,supported_f1_score,supported_support,insufficient_precision,insufficient_recall,insufficient_f1_score,insufficient_support
gpt4,0.79,0.5634259259259259,0.5362745098039216,0.5393939393939394,100,100,0,1.0,0.5,0.3333333333333333,0.4,3.0,0.9125,0.8588235294117647,0.8848484848484849,85.0,0.2777777777777778,0.4166666666666667,0.3333333333333333,12.0
gemini,0.81,0.5089430894308943,0.5202614379084968,0.5132697567827308,100,100,0,1.0,0.3333333333333333,0.3333333333333333,0.3333333333333333,3.0,0.926829268292683,0.8941176470588236,0.9101796407185628,85.0,0.26666666666666666,0.3333333333333333,0.2962962962962963,12.0
deepseek,0.79,0.5836714975845411,0.5839869281045752,0.5625,100,100,0,1.0,0.5,0.3333333333333333,0.4,3.0,0.9466666666666667,0.8352941176470589,0.8875,85.0,0.30434782608695654,0.5833333333333334,0.4,12.0
