provider,accuracy,precision,recall,f1_score,tp,tn,fp,fn,total_samples
gpt4,0.7866666666666666,0.8108108108108109,0.7692307692307693,0.7894736842105263,60,58,14,18,150
gemini,0.6466666666666666,0.8787878787878788,0.3717948717948718,0.5225225225225225,29,68,4,49,150
deepseek,0.76,0.9772727272727273,0.5512820512820513,0.7049180327868853,43,71,1,35,150
